0,1,2,3,4,5,6,7,8,9,10,11,12,13,14,15,16,17,18,19,20,21,22,23,24,25,26,27,28,29,30,31,32,33,34,35,36,37,38,39,40,41,42,43,44,45,46,47,48,49,50,51,52,53,54,55,56,57,58,59,60,61,62,63,64,65,66,67,68,69,70,71,72,73,74,75,76,77,78,79,80,81,82,83,84,85,86,87,88,89,90,91,92,93,94,95,96,97,98,99
0.0,0.0,0.0,46.24183006535948,48.214285714285715,37.11711711711712,0.0,26.391382405745063,100.0,42.0,88.88888888888889,0.0,0.0,0.0,43.859649122807014,41.60839160839161,100.0,0.0,0.0,0.0,96.55172413793103,36.8,0.0,50.796460176991154,48.64864864864865,38.95652173913044,100.0,45.632798573975045,67.85714285714286,19.047619047619047,0.0,59.58188153310105,75.0,44.77272727272727,50.0,39.1566265060241,0.0,44.31818181818182,0.0,0.0,46.42857142857143,45.729537366548044,0.0,0.0,0.0,39.350912778904664,60.71428571428571,54.249547920434,100.0,41.43356643356643,87.93103448275862,35.090909090909086,0.0,0.0,100.0,0.0,47.368421052631575,36.0,71.9298245614035,42.95774647887324,0.0,48.28828828828829,100.0,51.35623869801085,0.0,24.372759856630825,0.0,43.91534391534391,100.0,26.063829787234045,100.0,26.08695652173913,100.0,37.83783783783784,50.0,45.04347826086956,0.0,19.587628865979383,71.42857142857143,27.136752136752136,74.57627118644068,33.985765124555165,100.0,16.888045540796963,0.0,34.91686460807601,100.0,40.806451612903224,96.61016949152543,36.34719710669078,46.42857142857143,41.793570219966156,0.0,0.0,0.0,43.15789473684211,78.57142857142857,0.0,62.264150943396224,29.447852760736197
82.14285714285714,43.63636363636363,95.65217391304348,50.98039215686274,64.28571428571429,41.08108108108108,0.0,0.0,100.0,0.0,85.18518518518519,0.0,100.0,43.85665529010239,40.35087719298245,42.48251748251749,100.0,0.0,0.0,42.086330935251794,96.55172413793103,0.0,52.94117647058824,47.9646017699115,0.0,37.565217391304344,0.0,38.859180035650624,64.28571428571429,0.0,81.81818181818183,57.491289198606275,60.71428571428571,48.40909090909091,50.0,43.77510040160642,91.07142857142857,43.66883116883117,79.3103448275862,27.39273927392739,0.0,41.99288256227758,92.85714285714286,36.26198083067093,0.0,0.0,75.0,53.16455696202531,100.0,37.58741258741259,87.93103448275862,42.36363636363637,73.68421052631578,0.0,0.0,40.32846715328467,54.385964912280706,34.54545454545455,75.43859649122807,0.0,0.0,48.10810810810811,100.0,0.0,100.0,0.0,0.0,49.382716049382715,100.0,24.73404255319149,100.0,0.0,0.0,0.0,58.92857142857143,48.347826086956516,69.0909090909091,13.573883161512027,75.0,29.48717948717949,0.0,36.47686832740214,100.0,25.047438330170777,0.0,34.91686460807601,0.0,33.064516129032256,96.61016949152543,0.0,48.214285714285715,39.93231810490694,100.0,0.0,85.45454545454545,0.0,82.14285714285714,0.0,81.13207547169812,33.537832310838446
85.71428571428571,0.0,95.65217391304348,46.89542483660131,67.85714285714286,41.98198198198198,100.0,36.44524236983842,100.0,43.09090909090909,0.0,2.0761245674740483,100.0,0.0,0.0,40.73426573426573,100.0,50.71090047393365,0.0,0.0,0.0,40.0,0.0,0.0,45.94594594594595,39.47826086956522,100.0,39.037433155080215,64.28571428571429,42.3469387755102,81.81818181818183,58.71080139372822,0.0,0.0,52.27272727272727,37.34939759036144,0.0,0.0,0.0,32.34323432343234,0.0,44.30604982206406,87.5,36.74121405750799,100.0,34.27991886409736,73.21428571428571,54.97287522603978,100.0,43.00699300699301,0.0,0.0,78.94736842105263,30.23255813953488,100.0,37.77372262773723,52.63157894736842,0.0,75.43859649122807,46.83098591549296,81.81818181818183,50.09009009009009,100.0,53.8878842676311,0.0,32.795698924731184,57.89473684210527,41.7989417989418,0.0,28.723404255319153,100.0,0.0,100.0,40.06359300476948,0.0,48.347826086956516,67.27272727272727,0.0,71.42857142857143,0.0,71.1864406779661,0.0,0.0,28.27324478178368,57.89473684210527,36.342042755344416,0.0,40.96774193548387,96.61016949152543,41.952983725135624,44.642857142857146,0.0,100.0,0.0,80.0,0.0,83.92857142857143,37.97709923664122,56.60377358490566,32.515337423312886
85.71428571428571,0.0,95.65217391304348,0.0,62.5,43.96396396396396,100.0,39.497307001795335,100.0,0.0,75.92592592592592,0.0,0.0,32.593856655290104,0.0,41.25874125874126,100.0,0.0,0.0,41.726618705035975,96.55172413793103,34.599999999999994,0.0,57.52212389380531,54.054054054054056,37.04347826086957,100.0,45.811051693404636,0.0,25.510204081632654,84.0909090909091,0.0,0.0,43.40909090909091,0.0,0.0,96.42857142857143,44.967532467532465,74.13793103448276,32.01320132013201,73.21428571428571,46.619217081850536,92.85714285714286,42.01277955271566,0.0,0.0,80.35714285714286,0.0,100.0,41.25874125874126,0.0,44.54545454545455,78.94736842105263,7.170542635658915,100.0,43.24817518248175,59.64912280701754,34.0,75.43859649122807,0.0,81.81818181818183,50.27027027027027,100.0,0.0,100.0,30.46594982078853,73.68421052631578,49.382716049382715,0.0,28.723404255319153,0.0,30.917874396135264,0.0,40.06359300476948,51.78571428571429,48.52173913043478,65.45454545454545,0.0,78.57142857142857,0.0,72.88135593220339,48.93238434163701,100.0,30.36053130929791,61.40350877192983,0.0,100.0,40.64516129032258,96.61016949152543,0.0,0.0,47.377326565143825,0.0,41.72794117647059,78.18181818181819,44.0,80.35714285714286,39.69465648854962,0.0,35.991820040899796
85.71428571428571,52.90909090909091,95.65217391304348,50.81699346405229,66.07142857142857,45.94594594594595,0.0,36.983842010771994,100.0,44.36363636363637,81.48148148148148,0.0,100.0,16.89419795221843,57.89473684210527,0.0,100.0,51.026856240126385,0.0,43.3453237410072,96.55172413793103,40.6,0.0,54.86725663716814,0.0,0.0,100.0,47.95008912655972,62.5,0.0,0.0,60.97560975609756,66.07142857142857,47.95454545454545,52.27272727272727,43.97590361445783,92.85714285714286,43.18181818181818,68.96551724137932,0.0,64.28571428571429,0.0,92.85714285714286,44.40894568690096,100.0,0.0,0.0,59.85533453887884,100.0,0.0,87.93103448275862,42.90909090909091,0.0,45.73643410852713,100.0,0.0,57.89473684210527,37.81818181818182,78.94736842105263,45.774647887323944,81.81818181818183,0.0,0.0,0.0,100.0,30.286738351254485,73.68421052631578,51.32275132275132,100.0,30.585106382978722,100.0,0.0,100.0,25.914149443561207,53.57142857142857,48.869565217391305,0.0,26.632302405498283,80.35714285714286,37.17948717948718,72.88135593220339,47.686832740213525,0.0,0.0,0.0,38.00475059382423,0.0,29.838709677419356,96.61016949152543,0.0,41.07142857142857,37.56345177664975,0.0,41.544117647058826,78.18181818181819,46.94736842105263,0.0,0.0,0.0,34.151329243353786
0.0,53.090909090909086,95.65217391304348,51.9607843137255,66.07142857142857,47.387387387387385,100.0,36.80430879712747,0.0,0.0,0.0,1.384083044982699,100.0,34.30034129692833,0.0,0.0,100.0,54.18641390205371,0.0,44.064748201438846,96.55172413793103,41.8,52.94117647058824,0.0,56.75675675675676,42.95652173913043,100.0,46.3458110516934,66.07142857142857,14.285714285714285,84.0909090909091,55.22648083623694,75.0,0.0,52.27272727272727,0.0,0.0,47.88961038961039,72.41379310344827,35.64356435643564,0.0,46.619217081850536,92.85714285714286,43.76996805111821,100.0,42.799188640973625,71.42857142857143,0.0,100.0,45.97902097902098,0.0,46.54545454545455,71.9298245614035,45.15503875968992,0.0,43.06569343065693,0.0,0.0,78.94736842105263,49.647887323943664,81.81818181818183,0.0,100.0,0.0,100.0,0.0,0.0,52.20458553791887,100.0,32.71276595744681,100.0,28.019323671497588,100.0,0.0,0.0,50.43478260869565,65.45454545454545,0.0,0.0,34.61538461538461,72.88135593220339,47.50889679715303,100.0,32.06831119544592,59.64912280701754,40.61757719714964,0.0,35.96774193548387,96.61016949152543,45.56962025316456,46.42857142857143,48.223350253807105,0.0,43.01470588235294,78.18181818181819,0.0,87.5,0.0,0.0,38.036809815950924
85.71428571428571,52.72727272727272,95.65217391304348,0.0,0.0,38.73873873873874,0.0,43.806104129263915,100.0,44.54545454545455,79.62962962962963,0.0,100.0,47.610921501706486,63.1578947368421,47.9020979020979,100.0,0.0,91.07142857142857,42.44604316546763,96.55172413793103,43.6,54.90196078431373,0.0,56.75675675675676,43.826086956521735,0.0,46.702317290552585,62.5,32.482993197278915,79.54545454545455,0.0,80.35714285714286,0.0,0.0,0.0,91.07142857142857,49.83766233766234,62.06896551724138,37.62376237623762,69.64285714285714,47.15302491103203,92.85714285714286,42.01277955271566,0.0,42.799188640973625,71.42857142857143,54.249547920434,100.0,0.0,87.93103448275862,47.63636363636364,71.9298245614035,25.387596899224807,100.0,42.518248175182485,0.0,0.0,0.0,0.0,81.81818181818183,0.0,100.0,0.0,100.0,0.0,75.43859649122807,50.79365079365079,100.0,0.0,100.0,0.0,0.0,40.85850556438791,60.71428571428571,52.52173913043479,63.63636363636363,0.0,75.0,37.17948717948718,72.88135593220339,48.04270462633452,100.0,35.483870967741936,59.64912280701754,41.80522565320665,0.0,43.225806451612904,0.0,0.0,50.0,0.0,0.0,44.11764705882353,70.9090909090909,46.73684210526316,89.28571428571429,38.16793893129771,54.71698113207547,0.0
85.71428571428571,0.0,95.65217391304348,0.0,69.64285714285714,47.387387387387385,100.0,0.0,100.0,46.18181818181818,0.0,0.0,0.0,47.610921501706486,63.1578947368421,47.2027972027972,100.0,55.76619273301737,91.07142857142857,0.0,96.55172413793103,38.2,54.90196078431373,0.0,54.054054054054056,0.0,0.0,0.0,67.85714285714286,0.0,81.81818181818183,58.01393728222997,0.0,47.95454545454545,52.27272727272727,45.58232931726908,0.0,0.0,0.0,0.0,69.64285714285714,0.0,0.0,0.0,0.0,0.0,71.42857142857143,58.22784810126582,100.0,46.32867132867133,0.0,42.72727272727273,82.45614035087719,6.5891472868217065,100.0,46.53284671532847,61.40350877192983,39.09090909090909,82.45614035087719,53.69718309859155,81.81818181818183,54.77477477477477,100.0,57.50452079566004,100.0,36.200716845878134,75.43859649122807,53.79188712522046,100.0,34.57446808510639,100.0,33.57487922705314,0.0,47.21780604133545,58.92857142857143,51.47826086956522,0.0,10.824742268041238,71.42857142857143,0.0,72.88135593220339,47.686832740213525,100.0,18.975332068311197,0.0,41.80522565320665,100.0,0.0,96.61016949152543,43.58047016274864,50.0,34.01015228426396,100.0,44.11764705882353,85.45454545454545,47.578947368421055,85.71428571428571,38.54961832061068,0.0,0.0
85.71428571428571,58.18181818181818,95.65217391304348,52.12418300653595,71.42857142857143,46.846846846846844,0.0,43.806104129263915,100.0,0.0,0.0,2.249134948096886,0.0,33.105802047781566,64.91228070175438,0.0,100.0,53.712480252764614,0.0,0.0,96.55172413793103,46.2,54.90196078431373,0.0,54.054054054054056,46.08695652173913,100.0,47.41532976827095,71.42857142857143,29.761904761904763,86.36363636363636,0.0,0.0,0.0,52.27272727272727,0.0,89.28571428571429,49.35064935064935,72.41379310344827,0.0,0.0,50.177935943060504,92.85714285714286,44.88817891373802,0.0,44.42190669371197,0.0,57.86618444846293,100.0,45.629370629370634,87.93103448275862,47.63636363636364,73.68421052631578,49.6124031007752,0.0,41.97080291970803,66.66666666666666,37.09090909090909,82.45614035087719,50.352112676056336,0.0,57.47747747747748,100.0,56.78119349005425,100.0,0.0,78.94736842105263,0.0,100.0,32.4468085106383,100.0,36.71497584541063,0.0,46.42289348171701,62.5,51.65217391304348,67.27272727272727,22.164948453608247,67.85714285714286,0.0,0.0,47.50889679715303,0.0,0.0,0.0,0.0,100.0,46.45161290322581,0.0,0.0,48.214285714285715,45.68527918781726,100.0,0.0,81.81818181818183,47.1578947368421,87.5,42.36641221374045,56.60377358490566,40.286298568507156
85.71428571428571,0.0,95.65217391304348,52.28758169934641,71.42857142857143,44.68468468468468,100.0,0.0,100.0,49.09090909090909,0.0,1.384083044982699,0.0,31.91126279863481,66.66666666666666,49.82517482517482,100.0,52.76461295418642,0.0,46.76258992805755,96.55172413793103,44.2,56.86274509803921,63.36283185840708,0.0,45.21739130434783,100.0,50.80213903743316,0.0,39.1156462585034,86.36363636363636,61.846689895470384,85.71428571428571,50.0,52.27272727272727,0.0,0.0,0.0,72.41379310344827,38.943894389438945,69.64285714285714,49.8220640569395,92.85714285714286,44.24920127795527,0.0,46.45030425963489,71.42857142857143,57.68535262206148,100.0,48.95104895104895,87.93103448275862,0.0,0.0,0.0,0.0,0.0,0.0,0.0,82.45614035087719,52.112676056338024,81.81818181818183,52.792792792792795,0.0,57.32368896925859,100.0,0.0,0.0,52.910052910052904,100.0,0.0,0.0,0.0,100.0,0.0,60.71428571428571,53.04347826086957,70.9090909090909,31.443298969072163,0.0,37.82051282051282,72.88135593220339,50.88967971530249,100.0,26.185958254269448,63.1578947368421,43.942992874109265,100.0,45.322580645161295,96.61016949152543,0.0,48.214285714285715,0.0,100.0,0.0,87.27272727272727,51.368421052631575,89.28571428571429,42.55725190839695,52.83018867924528,0.0
0.0,58.72727272727273,97.82608695652173,53.431372549019606,0.0,0.0,0.0,44.703770197486534,0.0,0.0,79.62962962962963,2.0761245674740483,100.0,44.53924914675768,68.42105263157895,50.0,100.0,53.396524486571884,0.0,48.381294964028775,96.55172413793103,47.199999999999996,60.78431372549019,60.88495575221239,51.35135135135135,45.73913043478261,0.0,49.01960784313725,76.78571428571429,43.707482993197274,86.36363636363636,62.02090592334495,0.0,50.227272727272734,52.27272727272727,48.59437751004016,0.0,50.48701298701299,0.0,38.943894389438945,69.64285714285714,53.55871886120996,92.85714285714286,45.52715654952076,100.0,45.233265720081135,73.21428571428571,60.57866184448463,100.0,0.0,0.0,0.0,77.19298245614034,0.0,100.0,47.262773722627735,63.1578947368421,43.27272727272727,0.0,51.056338028169016,81.81818181818183,55.31531531531532,100.0,58.22784810126582,100.0,37.81362007168459,80.7017543859649,0.0,0.0,0.0,100.0,35.507246376811594,100.0,51.19236883942766,0.0,0.0,69.0909090909091,0.0,73.21428571428571,35.04273504273504,0.0,49.46619217081851,0.0,33.586337760910816,0.0,45.36817102137768,100.0,44.67741935483871,0.0,0.0,0.0,52.62267343485617,0.0,44.11764705882353,78.18181818181819,51.78947368421053,89.28571428571429,40.26717557251908,0.0,37.423312883435585
0.0,58.36363636363636,0.0,53.92156862745098,71.42857142857143,51.891891891891895,100.0,50.08976660682226,100.0,49.27272727272727,0.0,0.0,100.0,21.501706484641637,66.66666666666666,51.048951048951054,100.0,0.0,0.0,46.94244604316547,0.0,0.0,62.745098039215684,61.59292035398231,51.35135135135135,0.0,100.0,54.54545454545454,78.57142857142857,43.707482993197274,0.0,62.36933797909408,85.71428571428571,52.04545454545455,0.0,46.787148594377506,89.28571428571429,48.86363636363637,72.41379310344827,41.254125412541256,67.85714285714286,0.0,0.0,47.763578274760384,0.0,49.69574036511156,75.0,0.0,0.0,0.0,0.0,48.18181818181818,78.94736842105263,0.0,0.0,0.0,64.91228070175438,41.45454545454545,0.0,53.16901408450704,81.81818181818183,53.51351351351351,100.0,58.95117540687161,100.0,37.992831541218635,0.0,54.4973544973545,100.0,0.0,100.0,32.850241545893724,100.0,50.87440381558028,62.5,52.0,70.9090909090909,22.68041237113402,0.0,0.0,74.57627118644068,54.270462633451956,100.0,37.571157495256166,71.9298245614035,42.75534441805225,100.0,46.935483870967744,96.61016949152543,0.0,46.42857142857143,0.0,100.0,44.11764705882353,0.0,52.21052631578947,0.0,39.12213740458015,50.943396226415096,43.558282208588956
87.5,59.09090909090909,95.65217391304348,0.0,73.21428571428571,48.64864864864865,0.0,42.908438061041295,0.0,51.45454545454545,79.62962962962963,2.0761245674740483,0.0,0.0,70.17543859649122,0.0,100.0,53.55450236966824,91.07142857142857,48.92086330935252,96.55172413793103,46.2,62.745098039215684,0.0,0.0,45.21739130434783,0.0,54.188948306595364,76.78571428571429,50.68027210884354,86.36363636363636,63.2404181184669,85.71428571428571,51.590909090909086,52.27272727272727,0.0,91.07142857142857,50.48701298701299,67.24137931034483,42.244224422442244,71.42857142857143,0.0,92.85714285714286,46.64536741214057,100.0,0.0,0.0,0.0,100.0,52.09790209790209,87.93103448275862,50.0,78.94736842105263,0.0,100.0,49.08759124087591,0.0,46.909090909090914,82.45614035087719,52.816901408450704,81.81818181818183,0.0,100.0,59.49367088607595,100.0,0.0,80.7017543859649,0.0,0.0,34.04255319148936,100.0,37.68115942028986,100.0,48.64864864864865,0.0,54.434782608695656,69.0909090909091,0.0,66.07142857142857,39.52991452991453,0.0,50.355871886120994,100.0,34.34535104364326,66.66666666666666,47.26840855106889,0.0,49.354838709677416,96.61016949152543,0.0,0.0,0.0,100.0,50.55147058823529,81.81818181818183,0.0,87.5,50.95419847328244,0.0,0.0
87.5,58.909090909090914,0.0,55.55555555555556,73.21428571428571,47.02702702702703,100.0,45.24236983842011,100.0,48.36363636363637,81.48148148148148,2.0761245674740483,0.0,51.365187713310576,68.42105263157895,51.22377622377622,0.0,55.60821484992101,89.28571428571429,50.17985611510791,96.55172413793103,0.0,0.0,0.0,51.35135135135135,0.0,100.0,0.0,76.78571428571429,49.14965986394558,0.0,62.02090592334495,89.28571428571429,0.0,0.0,50.0,91.07142857142857,0.0,77.58620689655173,0.0,73.21428571428571,53.736654804270465,92.85714285714286,0.0,100.0,48.275862068965516,71.42857142857143,0.0,100.0,49.65034965034965,0.0,52.18181818181819,78.94736842105263,12.4031007751938,100.0,50.0,64.91228070175438,0.0,84.21052631578947,56.16197183098591,81.81818181818183,0.0,100.0,60.03616636528029,100.0,37.634408602150536,0.0,0.0,100.0,36.96808510638298,100.0,39.371980676328505,0.0,0.0,58.92857142857143,0.0,67.27272727272727,10.652920962199312,0.0,40.17094017094017,0.0,52.135231316725985,100.0,0.0,57.89473684210527,47.74346793349169,0.0,0.0,96.61016949152543,42.31464737793852,44.642857142857146,49.746192893401016,100.0,50.18382352941176,83.63636363636363,51.78947368421053,0.0,27.671755725190838,0.0,45.194274028629856
91.07142857142857,0.0,97.82608695652173,0.0,71.42857142857143,0.0,100.0,0.0,100.0,49.81818181818182,0.0,0.0,0.0,0.0,66.66666666666666,0.0,0.0,55.29225908372828,89.28571428571429,47.302158273381295,96.55172413793103,46.0,0.0,0.0,54.054054054054056,46.608695652173914,100.0,0.0,76.78571428571429,41.3265306122449,86.36363636363636,63.2404181184669,82.14285714285714,53.63636363636364,52.27272727272727,48.795180722891565,91.07142857142857,50.324675324675326,79.3103448275862,0.0,0.0,52.84697508896797,92.85714285714286,48.881789137380196,100.0,48.6815415821501,0.0,62.0253164556962,100.0,51.39860139860139,0.0,52.36363636363637,80.7017543859649,53.48837209302325,100.0,50.54744525547446,0.0,47.63636363636364,85.96491228070175,56.16197183098591,81.81818181818183,56.57657657657658,100.0,60.21699819168174,100.0,40.14336917562724,82.45614035087719,52.910052910052904,100.0,35.37234042553192,100.0,40.82125603864734,0.0,0.0,60.71428571428571,53.73913043478261,70.9090909090909,0.0,78.57142857142857,0.0,0.0,0.0,100.0,0.0,56.14035087719298,0.0,0.0,49.67741935483871,96.61016949152543,0.0,44.642857142857146,0.0,100.0,49.44852941176471,0.0,52.63157894736842,89.28571428571429,45.80152671755725,50.943396226415096,42.740286298568506
91.07142857142857,0.0,0.0,56.209150326797385,73.21428571428571,52.792792792792795,0.0,50.80789946140036,100.0,49.81818181818182,79.62962962962963,2.249134948096886,100.0,0.0,66.66666666666666,51.57342657342657,100.0,0.0,89.28571428571429,0.0,0.0,48.6,0.0,0.0,48.64864864864865,0.0,100.0,0.0,75.0,45.57823129251701,88.63636363636364,64.45993031358886,0.0,53.40909090909091,52.27272727272727,0.0,92.85714285714286,54.38311688311688,79.3103448275862,44.884488448844884,73.21428571428571,55.33807829181495,92.85714285714286,48.08306709265175,0.0,49.89858012170386,0.0,60.397830018083184,100.0,51.048951048951054,89.65517241379311,52.18181818181819,0.0,0.0,100.0,48.175182481751825,63.1578947368421,46.0,0.0,0.0,0.0,57.47747747747748,100.0,58.40867992766727,0.0,0.0,82.45614035087719,0.0,100.0,38.03191489361702,0.0,0.0,0.0,0.0,0.0,52.8695652173913,69.0909090909091,43.6426116838488,73.21428571428571,36.324786324786324,74.57627118644068,53.55871886120996,0.0,27.514231499051235,57.89473684210527,47.980997624703086,100.0,46.774193548387096,96.61016949152543,0.0,42.857142857142854,52.45346869712352,100.0,48.89705882352941,87.27272727272727,52.21052631578947,89.28571428571429,46.94656488549619,50.943396226415096,43.558282208588956
0.0,59.09090909090909,97.82608695652173,0.0,73.21428571428571,51.891891891891895,100.0,48.29443447037702,100.0,49.45454545454545,79.62962962962963,5.190311418685121,100.0,31.22866894197952,64.91228070175438,0.0,100.0,58.60979462875198,91.07142857142857,0.0,96.55172413793103,47.4,0.0,63.53982300884956,48.64864864864865,46.78260869565217,100.0,0.0,75.0,55.44217687074829,90.9090909090909,0.0,75.0,52.5,52.27272727272727,51.80722891566265,94.64285714285714,51.62337662337663,81.03448275862068,46.2046204620462,0.0,0.0,0.0,0.0,100.0,51.115618661257614,71.42857142857143,58.58951175406871,100.0,52.44755244755245,89.65517241379311,0.0,0.0,0.0,100.0,0.0,63.1578947368421,46.54545454545455,85.96491228070175,0.0,81.81818181818183,57.117117117117125,0.0,58.77034358047016,100.0,42.473118279569896,80.7017543859649,53.43915343915344,0.0,39.09574468085106,0.0,41.30434782608695,100.0,49.76152623211447,0.0,53.391304347826086,0.0,0.0,69.64285714285714,43.58974358974359,76.27118644067797,55.871886120996436,0.0,39.27893738140417,56.14035087719298,0.0,100.0,0.0,96.61016949152543,0.0,44.642857142857146,0.0,100.0,50.18382352941176,0.0,54.10526315789473,85.71428571428571,48.473282442748086,0.0,0.0
0.0,58.909090909090914,97.82608695652173,57.02614379084967,71.42857142857143,54.95495495495496,100.0,0.0,100.0,52.90909090909091,0.0,0.0,100.0,48.80546075085324,68.42105263157895,52.7972027972028,0.0,57.97788309636651,0.0,0.0,0.0,0.0,70.58823529411765,63.36283185840708,54.054054054054056,46.78260869565217,100.0,0.0,75.0,51.87074829931972,90.9090909090909,63.58885017421603,0.0,53.18181818181819,52.27272727272727,0.0,0.0,52.5974025974026,79.3103448275862,43.56435643564357,71.42857142857143,55.693950177935946,92.85714285714286,0.0,100.0,0.0,69.64285714285714,62.20614828209765,100.0,0.0,89.65517241379311,0.0,80.7017543859649,0.0,100.0,49.81751824817518,63.1578947368421,0.0,87.71929824561403,55.98591549295775,81.81818181818183,0.0,0.0,58.40867992766727,0.0,0.0,0.0,55.908289241622576,100.0,0.0,0.0,41.78743961352657,100.0,0.0,62.5,54.608695652173914,67.27272727272727,26.46048109965636,67.85714285714286,39.95726495726496,76.27118644067797,55.871886120996436,100.0,38.89943074003795,57.89473684210527,50.3562945368171,100.0,50.16129032258064,96.61016949152543,47.920433996383366,0.0,49.407783417935704,100.0,50.55147058823529,87.27272727272727,53.26315789473684,0.0,45.41984732824427,0.0,44.376278118609406
91.07142857142857,57.81818181818181,97.82608695652173,54.084967320261434,67.85714285714286,0.0,100.0,48.473967684021545,100.0,0.0,0.0,3.1141868512110724,0.0,0.0,64.91228070175438,50.87412587412587,100.0,0.0,91.07142857142857,49.460431654676256,96.55172413793103,45.800000000000004,70.58823529411765,65.30973451327434,48.64864864864865,48.347826086956516,100.0,54.72370766488414,76.78571428571429,53.74149659863946,88.63636363636364,63.76306620209059,76.78571428571429,53.86363636363637,0.0,52.610441767068274,0.0,52.27272727272727,0.0,44.884488448844884,0.0,0.0,91.07142857142857,0.0,0.0,48.478701825557806,73.21428571428571,60.21699819168174,100.0,52.09790209790209,0.0,0.0,0.0,19.767441860465116,0.0,50.36496350364964,0.0,47.090909090909086,87.71929824561403,0.0,83.63636363636363,0.0,100.0,60.03616636528029,0.0,43.54838709677419,80.7017543859649,58.0246913580247,100.0,38.297872340425535,100.0,0.0,100.0,0.0,0.0,54.95652173913044,67.27272727272727,0.0,69.64285714285714,42.30769230769231,0.0,55.51601423487544,100.0,33.396584440227706,61.40350877192983,49.4061757719715,100.0,0.0,96.61016949152543,51.5370705244123,42.857142857142854,50.930626057529615,100.0,54.41176470588235,87.27272727272727,52.63157894736842,87.5,0.0,0.0,0.0
0.0,0.0,0.0,56.04575163398693,69.64285714285714,53.69369369369369,100.0,53.3213644524237,100.0,50.54545454545455,79.62962962962963,0.0,100.0,50.0,68.42105263157895,0.0,100.0,0.0,91.07142857142857,51.2589928057554,96.55172413793103,49.0,70.58823529411765,63.36283185840708,0.0,0.0,100.0,52.76292335115864,0.0,53.74149659863946,88.63636363636364,0.0,0.0,0.0,52.27272727272727,51.00401606425703,94.64285714285714,51.461038961038966,0.0,0.0,0.0,55.16014234875445,91.07142857142857,50.159744408945684,100.0,0.0,0.0,62.0253164556962,100.0,52.09790209790209,0.0,51.81818181818182,78.94736842105263,53.29457364341085,0.0,48.722627737226276,66.66666666666666,48.72727272727273,87.71929824561403,0.0,0.0,58.55855855855856,100.0,0.0,100.0,40.86021505376344,0.0,58.201058201058196,100.0,0.0,100.0,44.20289855072464,100.0,48.64864864864865,58.92857142857143,54.434782608695656,67.27272727272727,21.993127147766323,75.0,45.94017094017094,74.57627118644068,55.871886120996436,0.0,43.07400379506641,63.1578947368421,0.0,100.0,53.87096774193548,96.61016949152543,51.17540687160941,41.07142857142857,42.30118443316413,0.0,53.86029411764706,0.0,40.21052631578947,0.0,49.80916030534351,56.60377358490566,0.0
91.07142857142857,0.0,0.0,57.51633986928104,0.0,52.25225225225225,0.0,49.371633752244165,100.0,49.63636363636363,79.62962962962963,2.422145328719723,0.0,25.7679180887372,64.91228070175438,0.0,0.0,57.66192733017378,91.07142857142857,50.0,96.55172413793103,50.4,0.0,63.36283185840708,56.75675675675676,0.0,100.0,57.04099821746881,76.78571428571429,53.40136054421769,0.0,64.80836236933798,75.0,55.22727272727273,52.27272727272727,52.610441767068274,94.64285714285714,0.0,74.13793103448276,45.21452145214521,73.21428571428571,0.0,0.0,50.319488817891376,100.0,0.0,73.21428571428571,62.74864376130199,0.0,53.14685314685315,0.0,53.45454545454545,77.19298245614034,0.0,100.0,49.27007299270073,0.0,0.0,87.71929824561403,0.0,83.63636363636363,58.198198198198206,100.0,60.57866184448463,100.0,0.0,0.0,0.0,100.0,38.82978723404255,0.0,44.927536231884055,100.0,50.5564387917329,0.0,55.826086956521735,63.63636363636363,31.27147766323024,78.57142857142857,41.88034188034188,0.0,55.51601423487544,100.0,44.022770398481974,66.66666666666666,50.5938242280285,100.0,0.0,0.0,49.00542495479204,39.285714285714285,57.360406091370564,100.0,50.91911764705882,0.0,0.0,83.92857142857143,50.0,66.0377358490566,44.989775051124745
89.28571428571429,60.54545454545455,0.0,0.0,73.21428571428571,53.153153153153156,100.0,50.269299820466784,0.0,52.90909090909091,81.48148148148148,0.0,0.0,0.0,59.64912280701754,53.4965034965035,100.0,58.60979462875198,91.07142857142857,0.0,96.55172413793103,0.0,68.62745098039215,64.42477876106196,0.0,51.47826086956522,100.0,50.08912655971479,75.0,55.952380952380956,0.0,0.0,76.78571428571429,54.31818181818182,52.27272727272727,53.81526104417671,94.64285714285714,51.94805194805194,75.86206896551724,44.554455445544555,71.42857142857143,57.47330960854092,91.07142857142857,0.0,0.0,52.129817444219064,71.42857142857143,0.0,100.0,0.0,91.37931034482759,0.0,78.94736842105263,0.0,100.0,52.18978102189781,64.91228070175438,46.0,87.71929824561403,0.0,83.63636363636363,59.45945945945946,100.0,58.95117540687161,100.0,0.0,80.7017543859649,58.730158730158735,100.0,38.82978723404255,0.0,0.0,0.0,51.51033386327504,55.35714285714286,55.65217391304348,65.45454545454545,0.0,0.0,0.0,0.0,55.693950177935946,100.0,43.07400379506641,64.91228070175438,50.83135391923991,100.0,49.83870967741936,0.0,48.64376130198915,42.857142857142854,54.483925549915405,0.0,52.57352941176471,0.0,53.68421052631579,87.5,49.61832061068702,0.0,47.648261758691206
0.0,0.0,97.82608695652173,56.5359477124183,71.42857142857143,52.25225225225225,0.0,0.0,100.0,53.63636363636364,0.0,0.0,100.0,55.460750853242324,57.89473684210527,0.0,0.0,57.97788309636651,91.07142857142857,51.2589928057554,96.55172413793103,50.8,68.62745098039215,66.90265486725664,45.94594594594595,48.869565217391305,0.0,0.0,75.0,53.06122448979592,86.36363636363636,0.0,78.57142857142857,54.77272727272727,0.0,52.40963855421686,94.64285714285714,52.5974025974026,74.13793103448276,45.21452145214521,69.64285714285714,57.11743772241993,91.07142857142857,52.55591054313099,100.0,0.0,0.0,0.0,0.0,0.0,91.37931034482759,0.0,77.19298245614034,53.48837209302325,100.0,0.0,64.91228070175438,50.727272727272734,0.0,53.87323943661971,83.63636363636363,0.0,0.0,60.21699819168174,100.0,43.18996415770609,0.0,56.08465608465608,100.0,0.0,100.0,38.88888888888889,100.0,49.44356120826709,57.14285714285714,53.04347826086957,65.45454545454545,18.213058419243985,0.0,44.44444444444444,74.57627118644068,52.84697508896797,100.0,44.212523719165084,63.1578947368421,0.0,100.0,51.12903225806451,96.61016949152543,46.1121157323689,0.0,0.0,100.0,52.94117647058824,0.0,53.05263157894737,87.5,51.335877862595424,0.0,43.558282208588956
0.0,58.72727272727273,0.0,0.0,0.0,52.792792792792795,100.0,51.34649910233393,100.0,0.0,81.48148148148148,3.4602076124567476,100.0,41.80887372013652,0.0,0.0,0.0,0.0,91.07142857142857,52.51798561151079,96.55172413793103,51.2,66.66666666666666,66.54867256637168,40.54054054054054,47.130434782608695,0.0,55.97147950089126,0.0,0.0,0.0,64.45993031358886,75.0,54.54545454545454,0.0,51.204819277108435,94.64285714285714,0.0,74.13793103448276,0.0,0.0,56.761565836298935,91.07142857142857,52.07667731629393,100.0,50.50709939148072,69.64285714285714,63.47197106690777,100.0,53.14685314685315,0.0,0.0,77.19298245614034,54.84496124031008,0.0,52.37226277372263,64.91228070175438,33.27272727272727,87.71929824561403,52.2887323943662,83.63636363636363,56.93693693693693,100.0,59.85533453887884,100.0,0.0,80.7017543859649,57.49559082892416,100.0,0.0,100.0,0.0,100.0,56.120826709062,57.14285714285714,54.608695652173914,65.45454545454545,37.45704467353952,64.28571428571429,45.51282051282051,76.27118644067797,0.0,100.0,0.0,64.91228070175438,49.16864608076009,100.0,50.16129032258064,96.61016949152543,52.26039783001808,42.857142857142854,58.544839255499156,0.0,0.0,83.63636363636363,0.0,87.5,50.95419847328244,0.0,0.0
0.0,0.0,0.0,58.00653594771242,69.64285714285714,54.59459459459459,100.0,55.11669658886894,100.0,53.81818181818182,81.48148148148148,0.0,100.0,0.0,0.0,0.0,100.0,59.55766192733017,91.07142857142857,50.53956834532374,96.55172413793103,50.4,0.0,65.84070796460178,54.054054054054056,0.0,100.0,54.90196078431373,76.78571428571429,55.27210884353742,88.63636363636364,0.0,73.21428571428571,56.13636363636364,0.0,53.21285140562249,94.64285714285714,53.73376623376623,74.13793103448276,46.2046204620462,0.0,58.18505338078291,0.0,51.597444089456864,0.0,49.69574036511156,69.64285714285714,64.376130198915,100.0,53.84615384615385,91.37931034482759,49.63636363636363,75.43859649122807,0.0,100.0,0.0,63.1578947368421,42.90909090909091,0.0,0.0,83.63636363636363,60.0,0.0,61.48282097649186,100.0,43.01075268817204,82.45614035087719,57.31922398589065,100.0,39.8936170212766,100.0,42.51207729468599,0.0,54.213036565977745,58.92857142857143,0.0,69.0909090909091,53.608247422680414,66.07142857142857,44.230769230769226,0.0,58.362989323843415,0.0,0.0,64.91228070175438,51.543942992874115,100.0,53.2258064516129,0.0,0.0,0.0,0.0,100.0,0.0,89.0909090909091,0.0,87.5,48.473282442748086,60.37735849056604,46.216768916155424
89.28571428571429,60.909090909090914,97.82608695652173,57.02614379084967,69.64285714285714,52.972972972972975,100.0,52.42369838420108,0.0,52.18181818181819,81.48148148148148,1.384083044982699,100.0,0.0,54.385964912280706,54.54545454545454,0.0,60.821484992101105,91.07142857142857,51.2589928057554,0.0,0.0,64.70588235294117,66.54867256637168,0.0,0.0,100.0,55.61497326203209,76.78571428571429,54.93197278911565,86.36363636363636,64.45993031358886,73.21428571428571,0.0,52.27272727272727,0.0,92.85714285714286,0.0,74.13793103448276,46.2046204620462,71.42857142857143,0.0,91.07142857142857,0.0,100.0,50.10141987829615,0.0,64.376130198915,0.0,53.671328671328666,91.37931034482759,0.0,0.0,52.51937984496124,100.0,51.45985401459854,0.0,50.36363636363637,87.71929824561403,55.809859154929576,83.63636363636363,61.8018018018018,0.0,58.95117540687161,100.0,0.0,0.0,58.377425044091716,100.0,38.82978723404255,100.0,0.0,0.0,56.27980922098569,57.14285714285714,0.0,0.0,41.580756013745706,64.28571428571429,47.863247863247864,74.57627118644068,57.11743772241993,0.0,0.0,64.91228070175438,50.5938242280285,0.0,0.0,96.61016949152543,0.0,44.642857142857146,34.179357021996616,100.0,53.30882352941176,0.0,54.52631578947369,85.71428571428571,50.38167938931297,62.264150943396224,34.151329243353786
0.0,0.0,97.82608695652173,57.84313725490197,71.42857142857143,51.891891891891895,0.0,52.42369838420108,100.0,0.0,0.0,2.249134948096886,100.0,55.11945392491467,0.0,0.0,100.0,58.13586097946287,91.07142857142857,52.51798561151079,96.55172413793103,48.4,66.66666666666666,64.95575221238938,48.64864864864865,50.26086956521739,0.0,56.14973262032086,75.0,0.0,81.81818181818183,62.54355400696864,73.21428571428571,0.0,52.27272727272727,0.0,0.0,52.5974025974026,0.0,0.0,0.0,59.252669039145914,91.07142857142857,52.07667731629393,100.0,53.7525354969574,0.0,63.65280289330922,100.0,54.02097902097902,91.37931034482759,0.0,77.19298245614034,0.0,100.0,0.0,63.1578947368421,0.0,87.71929824561403,59.50704225352113,83.63636363636363,56.93693693693693,100.0,60.57866184448463,100.0,0.0,82.45614035087719,56.96649029982363,100.0,42.02127659574468,100.0,0.0,100.0,0.0,55.35714285714286,0.0,0.0,51.546391752577314,71.42857142857143,46.36752136752137,74.57627118644068,56.405693950177934,100.0,42.314990512333964,61.40350877192983,47.980997624703086,100.0,55.00000000000001,96.61016949152543,0.0,0.0,55.499153976311334,100.0,53.86029411764706,87.27272727272727,0.0,0.0,47.900763358778626,58.490566037735846,0.0
0.0,0.0,97.82608695652173,56.209150326797385,67.85714285714286,54.77477477477477,0.0,55.296229802513466,100.0,54.54545454545454,81.48148148148148,0.0,0.0,53.412969283276446,0.0,52.62237762237763,0.0,58.767772511848335,0.0,0.0,96.55172413793103,49.8,0.0,63.53982300884956,45.94594594594595,50.26086956521739,0.0,0.0,76.78571428571429,0.0,0.0,0.0,0.0,55.45454545454545,52.27272727272727,49.79919678714859,94.64285714285714,55.35714285714286,77.58620689655173,46.2046204620462,71.42857142857143,57.29537366548043,91.07142857142857,53.03514376996805,100.0,51.724137931034484,71.42857142857143,63.65280289330922,0.0,52.27272727272727,91.37931034482759,56.54545454545455,80.7017543859649,0.0,100.0,52.737226277372265,63.1578947368421,51.63636363636363,87.71929824561403,56.51408450704225,83.63636363636363,59.27927927927929,100.0,58.22784810126582,100.0,44.086021505376344,82.45614035087719,58.0246913580247,100.0,41.48936170212766,0.0,44.68599033816425,0.0,0.0,53.57142857142857,0.0,69.0909090909091,52.0618556701031,69.64285714285714,0.0,74.57627118644068,0.0,0.0,44.212523719165084,0.0,0.0,100.0,52.58064516129032,96.61016949152543,51.89873417721519,42.857142857142854,53.97631133671743,100.0,53.30882352941176,90.9090909090909,54.52631578947369,0.0,0.0,67.9245283018868,0.0
0.0,61.09090909090909,0.0,57.51633986928104,67.85714285714286,52.43243243243243,0.0,0.0,100.0,56.00000000000001,0.0,2.5951557093425603,100.0,0.0,52.63157894736842,53.14685314685315,0.0,60.821484992101105,0.0,52.69784172661871,96.55172413793103,0.0,64.70588235294117,65.48672566371681,0.0,49.913043478260875,100.0,56.50623885918004,76.78571428571429,55.78231292517006,75.0,64.63414634146342,0.0,53.18181818181819,52.27272727272727,53.01204819277109,91.07142857142857,55.35714285714286,74.13793103448276,46.864686468646866,69.64285714285714,57.11743772241993,0.0,0.0,100.0,0.0,69.64285714285714,0.0,0.0,53.671328671328666,91.37931034482759,54.0,0.0,57.17054263565892,100.0,50.72992700729927,63.1578947368421,51.81818181818182,0.0,0.0,83.63636363636363,60.18018018018017,100.0,60.57866184448463,100.0,41.57706093189964,82.45614035087719,58.553791887125215,100.0,39.62765957446808,100.0,46.13526570048309,100.0,55.80286168521462,0.0,0.0,0.0,0.0,71.42857142857143,0.0,0.0,0.0,100.0,45.73055028462998,0.0,52.25653206650831,100.0,0.0,96.61016949152543,53.52622061482821,42.857142857142854,59.390862944162436,100.0,54.22794117647059,87.27272727272727,52.21052631578947,87.5,50.19083969465649,0.0,0.0
0.0,60.0,97.82608695652173,57.84313725490197,69.64285714285714,55.85585585585585,100.0,52.6032315978456,0.0,0.0,79.62962962962963,2.0761245674740483,0.0,55.2901023890785,0.0,55.769230769230774,100.0,0.0,91.07142857142857,53.956834532374096,96.55172413793103,49.2,0.0,64.42477876106196,0.0,48.52173913043478,100.0,0.0,73.21428571428571,56.292517006802726,75.0,63.937282229965156,71.42857142857143,0.0,52.27272727272727,53.41365461847389,92.85714285714286,0.0,74.13793103448276,47.85478547854785,69.64285714285714,56.58362989323843,91.07142857142857,50.638977635782744,100.0,0.0,0.0,0.0,0.0,52.44755244755245,91.37931034482759,0.0,77.19298245614034,0.0,0.0,54.74452554744526,63.1578947368421,0.0,87.71929824561403,57.74647887323944,83.63636363636363,58.55855855855856,0.0,61.12115732368897,100.0,0.0,80.7017543859649,0.0,100.0,42.28723404255319,100.0,0.0,100.0,58.66454689984102,51.78571428571429,54.78260869565217,65.45454545454545,51.71821305841925,0.0,45.94017094017094,74.57627118644068,58.718861209964416,0.0,44.022770398481974,63.1578947368421,0.0,100.0,52.09677419354839,96.61016949152543,55.51537070524412,42.857142857142854,0.0,100.0,0.0,87.27272727272727,0.0,0.0,48.66412213740458,71.69811320754717,48.875255623721884
91.07142857142857,59.81818181818181,97.82608695652173,57.18954248366013,0.0,52.792792792792795,100.0,0.0,100.0,0.0,0.0,0.0,100.0,55.460750853242324,0.0,54.72027972027972,100.0,0.0,91.07142857142857,55.75539568345324,96.55172413793103,0.0,62.745098039215684,65.13274336283186,48.64864864864865,50.26086956521739,0.0,58.82352941176471,0.0,55.61224489795919,79.54545454545455,62.36933797909408,69.64285714285714,0.0,50.0,55.22088353413655,0.0,54.7077922077922,70.6896551724138,0.0,69.64285714285714,59.430604982206404,0.0,50.47923322683706,100.0,51.52129817444219,0.0,63.29113924050633,100.0,53.84615384615385,91.37931034482759,58.54545454545455,0.0,56.201550387596896,0.0,0.0,59.64912280701754,51.63636363636363,0.0,55.633802816901415,83.63636363636363,0.0,0.0,60.03616636528029,100.0,44.982078853046595,80.7017543859649,0.0,0.0,0.0,100.0,45.65217391304348,100.0,0.0,0.0,54.95652173913044,67.27272727272727,3.608247422680412,71.42857142857143,47.64957264957265,74.57627118644068,56.22775800711744,100.0,44.4022770398482,59.64912280701754,51.543942992874115,100.0,53.70967741935484,96.61016949152543,0.0,41.07142857142857,57.52961082910322,0.0,53.30882352941176,90.9090909090909,0.0,87.5,47.70992366412214,0.0,46.830265848670756
0.0,60.54545454545455,0.0,56.69934640522876,66.07142857142857,54.95495495495496,0.0,53.85996409335727,0.0,54.18181818181819,81.48148148148148,0.0,100.0,0.0,50.877192982456144,56.11888111888111,100.0,58.451816745655606,91.07142857142857,51.97841726618705,96.55172413793103,50.6,0.0,65.66371681415929,45.94594594594595,50.26086956521739,100.0,0.0,0.0,0.0,77.27272727272727,62.19512195121951,73.21428571428571,0.0,52.27272727272727,54.01606425702812,89.28571428571429,55.1948051948052,0.0,44.224422442244226,0.0,0.0,91.07142857142857,53.194888178913736,100.0,51.115618661257614,66.07142857142857,63.11030741410488,0.0,54.1958041958042,91.37931034482759,50.36363636363637,77.19298245614034,28.68217054263566,100.0,0.0,0.0,52.545454545454554,87.71929824561403,58.098591549295776,83.63636363636363,0.0,100.0,0.0,100.0,46.0573476702509,82.45614035087719,56.79012345679012,100.0,41.755319148936174,100.0,39.85507246376812,100.0,54.213036565977745,51.78571428571429,0.0,69.0909090909091,53.264604810996566,75.0,46.794871794871796,74.57627118644068,56.22775800711744,100.0,0.0,59.64912280701754,0.0,0.0,0.0,0.0,0.0,0.0,56.34517766497462,0.0,0.0,87.27272727272727,56.84210526315789,85.71428571428571,0.0,73.58490566037736,46.62576687116564
0.0,0.0,97.82608695652173,0.0,67.85714285714286,0.0,0.0,54.7576301615799,0.0,0.0,0.0,0.0,100.0,49.48805460750853,50.877192982456144,52.7972027972028,100.0,61.92733017377567,91.07142857142857,55.39568345323741,96.55172413793103,49.4,66.66666666666666,0.0,48.64864864864865,50.43478260869565,100.0,0.0,0.0,0.0,75.0,63.76306620209059,0.0,0.0,52.27272727272727,54.01606425702812,0.0,0.0,0.0,45.87458745874587,67.85714285714286,58.00711743772242,91.07142857142857,53.35463258785943,100.0,52.33265720081136,62.5,57.50452079566004,100.0,54.89510489510489,91.37931034482759,55.27272727272727,78.94736842105263,51.74418604651163,0.0,54.01459854014598,61.40350877192983,52.90909090909091,87.71929824561403,0.0,83.63636363636363,60.9009009009009,0.0,59.6745027124774,100.0,47.67025089605735,82.45614035087719,59.78835978835979,0.0,40.42553191489361,100.0,45.65217391304348,100.0,54.213036565977745,51.78571428571429,53.391304347826086,65.45454545454545,0.0,0.0,44.44444444444444,74.57627118644068,56.58362989323843,0.0,43.07400379506641,0.0,0.0,100.0,53.70967741935484,0.0,0.0,46.42857142857143,58.03722504230119,100.0,54.04411764705882,90.9090909090909,56.631578947368425,83.92857142857143,49.61832061068702,0.0,47.648261758691206
89.28571428571429,0.0,97.82608695652173,57.6797385620915,0.0,56.03603603603604,100.0,0.0,0.0,0.0,79.62962962962963,35.98615916955018,100.0,44.7098976109215,45.614035087719294,0.0,0.0,60.18957345971564,91.07142857142857,0.0,96.55172413793103,0.0,0.0,0.0,0.0,49.56521739130435,100.0,55.61497326203209,75.0,56.12244897959183,77.27272727272727,65.33101045296166,66.07142857142857,0.0,50.0,53.41365461847389,89.28571428571429,54.05844155844156,0.0,46.864686468646866,67.85714285714286,57.29537366548043,91.07142857142857,52.23642172523961,100.0,0.0,0.0,62.38698010849909,100.0,0.0,91.37931034482759,58.18181818181818,77.19298245614034,53.100775193798455,0.0,54.379562043795616,61.40350877192983,54.36363636363636,87.71929824561403,57.9225352112676,83.63636363636363,59.45945945945946,0.0,59.13200723327306,0.0,46.59498207885305,0.0,58.90652557319223,100.0,43.08510638297872,0.0,45.410628019323674,0.0,0.0,51.78571428571429,53.04347826086957,67.27272727272727,54.81099656357389,71.42857142857143,0.0,71.1864406779661,57.82918149466192,0.0,46.48956356736243,0.0,50.1187648456057,0.0,54.19354838709678,0.0,52.07956600361664,41.07142857142857,58.71404399323181,100.0,0.0,89.0909090909091,55.368421052631575,83.92857142857143,49.61832061068702,77.35849056603774,45.39877300613497
87.5,59.45454545454546,0.0,58.496732026143796,0.0,0.0,0.0,53.3213644524237,0.0,0.0,79.62962962962963,2.422145328719723,100.0,53.07167235494881,45.614035087719294,54.89510489510489,100.0,60.34755134281201,91.07142857142857,53.23741007194245,96.55172413793103,51.6,64.70588235294117,64.95575221238938,45.94594594594595,52.52173913043479,0.0,0.0,71.42857142857143,57.48299319727891,75.0,0.0,62.5,0.0,50.0,0.0,89.28571428571429,56.006493506493506,74.13793103448276,0.0,69.64285714285714,60.67615658362989,89.28571428571429,53.833865814696495,0.0,0.0,60.71428571428571,0.0,100.0,0.0,91.37931034482759,58.72727272727273,0.0,0.0,100.0,53.102189781021906,0.0,50.18181818181818,89.47368421052632,58.098591549295776,83.63636363636363,0.0,0.0,59.85533453887884,100.0,47.8494623655914,0.0,59.78835978835979,100.0,40.95744680851064,0.0,47.10144927536232,100.0,56.91573926868044,0.0,54.95652173913044,65.45454545454545,52.0618556701031,75.0,45.2991452991453,74.57627118644068,56.761565836298935,100.0,0.0,63.1578947368421,51.78147268408551,100.0,54.677419354838705,96.61016949152543,55.15370705244123,0.0,0.0,0.0,55.14705882352941,90.9090909090909,54.736842105263165,0.0,0.0,77.35849056603774,48.057259713701434
83.92857142857143,60.36363636363637,97.82608695652173,57.51633986928104,69.64285714285714,55.4954954954955,0.0,54.7576301615799,100.0,54.90909090909091,79.62962962962963,0.0,0.0,41.63822525597269,49.122807017543856,0.0,100.0,60.97946287519748,0.0,52.87769784172662,0.0,50.0,66.66666666666666,0.0,0.0,52.8695652173913,100.0,57.39750445632799,71.42857142857143,56.97278911564626,0.0,64.28571428571429,64.28571428571429,0.0,0.0,52.208835341365464,89.28571428571429,55.84415584415584,0.0,0.0,0.0,61.56583629893239,0.0,52.07667731629393,0.0,50.30425963488844,60.71428571428571,63.47197106690777,100.0,53.84615384615385,0.0,54.90909090909091,0.0,55.23255813953488,100.0,0.0,59.64912280701754,55.27272727272727,87.71929824561403,0.0,83.63636363636363,60.72072072072072,100.0,59.85533453887884,100.0,0.0,82.45614035087719,58.553791887125215,100.0,39.09574468085106,100.0,45.410628019323674,100.0,0.0,0.0,53.73913043478261,63.63636363636363,52.92096219931272,0.0,0.0,72.88135593220339,58.18505338078291,0.0,0.0,57.89473684210527,51.78147268408551,100.0,51.935483870967744,0.0,52.80289330922242,44.642857142857146,57.52961082910322,100.0,0.0,87.27272727272727,54.315789473684205,82.14285714285714,0.0,67.9245283018868,48.057259713701434
85.71428571428571,60.36363636363637,97.82608695652173,58.496732026143796,69.64285714285714,0.0,100.0,54.219030520646314,100.0,55.81818181818182,81.48148148148148,0.0,100.0,55.11945392491467,45.614035087719294,56.46853146853147,100.0,61.61137440758294,0.0,0.0,0.0,0.0,68.62745098039215,66.3716814159292,0.0,51.65217391304348,100.0,0.0,73.21428571428571,57.993197278911566,0.0,65.6794425087108,0.0,0.0,0.0,0.0,89.28571428571429,0.0,72.41379310344827,47.194719471947195,0.0,59.430604982206404,92.85714285714286,52.23642172523961,100.0,0.0,58.92857142857143,64.01446654611212,100.0,54.1958041958042,91.37931034482759,56.90909090909091,71.9298245614035,53.875968992248055,100.0,0.0,59.64912280701754,53.81818181818182,89.47368421052632,57.04225352112676,83.63636363636363,0.0,0.0,0.0,0.0,0.0,0.0,57.31922398589065,100.0,40.95744680851064,100.0,44.927536231884055,100.0,0.0,50.0,54.086956521739125,65.45454545454545,51.37457044673539,75.0,0.0,72.88135593220339,56.93950177935944,100.0,44.78178368121442,0.0,50.83135391923991,100.0,52.903225806451616,96.61016949152543,53.8878842676311,0.0,58.03722504230119,100.0,53.30882352941176,0.0,54.315789473684205,0.0,48.091603053435115,0.0,48.670756646216766
0.0,0.0,97.82608695652173,57.35294117647059,0.0,54.234234234234236,100.0,53.14183123877917,100.0,54.0,0.0,0.0,100.0,55.80204778156996,45.614035087719294,57.16783216783217,100.0,61.137440758293835,91.07142857142857,53.776978417266186,0.0,48.6,66.66666666666666,64.24778761061947,45.94594594594595,0.0,100.0,56.32798573975044,69.64285714285714,56.97278911564626,77.27272727272727,0.0,0.0,55.90909090909091,50.0,54.01606425702812,0.0,55.032467532467535,75.86206896551724,0.0,69.64285714285714,59.9644128113879,0.0,0.0,100.0,51.3184584178499,57.14285714285714,0.0,100.0,0.0,0.0,56.72727272727273,73.68421052631578,53.48837209302325,100.0,53.102189781021906,0.0,0.0,0.0,0.0,83.63636363636363,60.18018018018017,100.0,60.397830018083184,100.0,0.0,82.45614035087719,58.90652557319223,100.0,42.02127659574468,100.0,45.893719806763286,100.0,57.23370429252782,0.0,52.347826086956516,60.0,53.78006872852234,0.0,0.0,72.88135593220339,0.0,100.0,44.97153700189753,54.385964912280706,50.3562945368171,100.0,54.19354838709678,0.0,53.8878842676311,0.0,58.544839255499156,0.0,55.14705882352941,0.0,56.631578947368425,80.35714285714286,48.854961832061065,71.69811320754717,0.0
0.0,61.45454545454545,97.82608695652173,0.0,0.0,0.0,0.0,0.0,0.0,54.90909090909091,0.0,0.0,100.0,53.58361774744027,43.859649122807014,55.41958041958041,100.0,0.0,91.07142857142857,0.0,96.55172413793103,50.6,0.0,65.30973451327434,48.64864864864865,0.0,100.0,58.110516934046345,0.0,0.0,79.54545454545455,64.98257839721255,58.92857142857143,55.00000000000001,0.0,54.01606425702812,87.5,56.006493506493506,74.13793103448276,46.53465346534654,69.64285714285714,59.60854092526691,87.5,0.0,0.0,51.724137931034484,58.92857142857143,63.47197106690777,100.0,0.0,91.37931034482759,58.36363636363636,71.9298245614035,52.51937984496124,0.0,54.379562043795616,0.0,0.0,89.47368421052632,58.97887323943662,85.45454545454545,60.54054054054055,100.0,58.95117540687161,100.0,46.95340501792115,78.94736842105263,0.0,100.0,0.0,100.0,48.309178743961354,100.0,55.80286168521462,50.0,52.347826086956516,0.0,50.171821305841924,0.0,46.58119658119658,74.57627118644068,57.82918149466192,100.0,43.07400379506641,63.1578947368421,49.6437054631829,0.0,55.96774193548387,0.0,0.0,41.07142857142857,59.390862944162436,100.0,0.0,89.0909090909091,55.1578947368421,82.14285714285714,45.99236641221374,73.58490566037736,47.239263803680984
85.71428571428571,60.18181818181818,97.82608695652173,0.0,67.85714285714286,54.234234234234236,100.0,52.96229802513464,100.0,55.27272727272727,0.0,2.249134948096886,100.0,0.0,42.10526315789473,56.81818181818182,100.0,60.821484992101105,91.07142857142857,53.05755395683454,0.0,49.8,66.66666666666666,64.95575221238938,0.0,51.13043478260869,0.0,58.288770053475936,0.0,57.31292517006803,0.0,66.89895470383276,58.92857142857143,57.95454545454546,47.72727272727273,52.40963855421686,87.5,0.0,0.0,46.2046204620462,62.5,60.320284697508896,0.0,53.194888178913736,100.0,52.33265720081136,0.0,61.84448462929476,100.0,0.0,91.37931034482759,56.54545454545455,73.68421052631578,0.0,0.0,0.0,0.0,0.0,87.71929824561403,0.0,0.0,60.36036036036037,100.0,0.0,100.0,44.982078853046595,80.7017543859649,55.73192239858906,100.0,41.48936170212766,0.0,0.0,0.0,55.16693163751988,48.214285714285715,52.8695652173913,63.63636363636363,50.85910652920962,0.0,44.230769230769226,72.88135593220339,58.18505338078291,100.0,45.920303605313094,61.40350877192983,50.5938242280285,0.0,0.0,96.61016949152543,54.06871609403255,0.0,59.05245346869712,100.0,54.595588235294116,83.63636363636363,54.315789473684205,0.0,0.0,71.69811320754717,48.670756646216766
0.0,60.54545454545455,97.82608695652173,58.00653594771242,66.07142857142857,54.59459459459459,100.0,55.83482944344704,100.0,55.09090909090909,83.33333333333334,2.249134948096886,100.0,0.0,42.10526315789473,58.21678321678322,0.0,59.55766192733017,89.28571428571429,0.0,96.55172413793103,49.2,64.70588235294117,0.0,45.94594594594595,52.0,100.0,58.82352941176471,64.28571428571429,56.97278911564626,0.0,63.2404181184669,57.14285714285714,0.0,47.72727272727273,53.81526104417671,83.92857142857143,0.0,72.41379310344827,0.0,64.28571428571429,0.0,89.28571428571429,53.03514376996805,100.0,0.0,57.14285714285714,63.47197106690777,100.0,0.0,91.37931034482759,56.90909090909091,0.0,53.29457364341085,100.0,52.00729927007299,57.89473684210527,0.0,87.71929824561403,0.0,85.45454545454545,58.91891891891892,0.0,59.6745027124774,0.0,0.0,0.0,57.49559082892416,0.0,40.159574468085104,100.0,44.44444444444444,100.0,0.0,44.642857142857146,53.565217391304344,60.0,0.0,71.42857142857143,48.93162393162393,0.0,56.58362989323843,100.0,0.0,59.64912280701754,0.0,0.0,0.0,0.0,50.09041591320072,35.714285714285715,57.868020304568525,100.0,54.96323529411765,0.0,54.10526315789473,82.14285714285714,52.09923664122137,75.47169811320755,0.0
85.71428571428571,58.909090909090914,0.0,0.0,66.07142857142857,55.13513513513514,0.0,0.0,100.0,52.36363636363637,83.33333333333334,3.1141868512110724,0.0,54.436860068259385,0.0,56.11888111888111,100.0,60.03159557661928,89.28571428571429,54.49640287769785,96.55172413793103,0.0,62.745098039215684,64.24778761061947,45.94594594594595,0.0,100.0,55.97147950089126,0.0,0.0,0.0,62.89198606271778,0.0,56.36363636363636,50.0,54.01606425702812,85.71428571428571,55.35714285714286,70.6896551724138,47.85478547854785,60.71428571428571,0.0,85.71428571428571,0.0,0.0,0.0,57.14285714285714,0.0,100.0,53.84615384615385,91.37931034482759,0.0,71.9298245614035,54.65116279069767,0.0,53.64963503649635,56.14035087719298,53.81818181818182,89.47368421052632,55.45774647887324,0.0,58.55855855855856,0.0,0.0,0.0,45.340501792114694,0.0,0.0,0.0,0.0,100.0,0.0,98.21428571428571,55.96184419713831,48.214285714285715,53.04347826086957,63.63636363636363,52.0618556701031,75.0,47.43589743589743,74.57627118644068,56.405693950177934,100.0,0.0,59.64912280701754,51.543942992874115,100.0,54.35483870967742,96.61016949152543,0.0,35.714285714285715,58.71404399323181,100.0,54.04411764705882,83.63636363636363,55.78947368421052,82.14285714285714,48.854961832061065,73.58490566037736,47.85276073619632
85.71428571428571,61.09090909090909,0.0,0.0,62.5,0.0,0.0,53.50089766606823,100.0,53.27272727272727,0.0,48.26989619377163,100.0,49.829351535836174,0.0,55.59440559440559,100.0,59.55766192733017,89.28571428571429,54.67625899280576,96.55172413793103,0.0,64.70588235294117,64.24778761061947,45.94594594594595,52.0,100.0,0.0,62.5,56.63265306122449,0.0,64.28571428571429,55.35714285714286,0.0,47.72727272727273,52.208835341365464,83.92857142857143,54.7077922077922,70.6896551724138,0.0,58.92857142857143,58.89679715302491,85.71428571428571,52.87539936102237,0.0,0.0,57.14285714285714,0.0,100.0,0.0,91.37931034482759,0.0,71.9298245614035,52.51937984496124,0.0,53.284671532846716,56.14035087719298,0.0,89.47368421052632,58.098591549295776,85.45454545454545,58.198198198198206,100.0,57.86618444846293,100.0,0.0,78.94736842105263,58.201058201058196,100.0,41.755319148936174,100.0,0.0,0.0,54.8489666136725,0.0,0.0,60.0,50.34364261168385,75.0,46.794871794871796,72.88135593220339,57.29537366548043,0.0,44.59203036053131,57.89473684210527,50.1187648456057,0.0,53.5483870967742,0.0,0.0,30.357142857142854,57.1912013536379,100.0,54.04411764705882,0.0,0.0,82.14285714285714,46.37404580152672,69.81132075471697,0.0
0.0,61.09090909090909,0.0,0.0,60.71428571428571,52.43243243243243,100.0,55.296229802513466,0.0,54.72727272727273,79.62962962962963,0.0,100.0,55.11945392491467,0.0,0.0,0.0,0.0,89.28571428571429,53.05755395683454,96.55172413793103,48.8,64.70588235294117,0.0,0.0,52.52173913043479,98.33333333333333,0.0,62.5,56.97278911564626,77.27272727272727,63.76306620209059,55.35714285714286,56.59090909090909,50.0,0.0,0.0,54.22077922077923,74.13793103448276,0.0,0.0,0.0,85.71428571428571,52.715654952076676,100.0,50.91277890466531,57.14285714285714,64.19529837251356,100.0,56.11888111888111,0.0,57.81818181818181,73.68421052631578,54.06976744186046,100.0,55.839416058394164,0.0,53.81818181818182,0.0,0.0,0.0,57.2972972972973,0.0,0.0,100.0,48.74551971326165,78.94736842105263,58.201058201058196,100.0,40.95744680851064,100.0,45.65217391304348,100.0,0.0,46.42857142857143,52.8695652173913,63.63636363636363,51.37457044673539,76.78571428571429,0.0,76.27118644067797,58.00711743772242,0.0,47.81783681214421,57.89473684210527,50.5938242280285,100.0,0.0,96.61016949152543,0.0,33.92857142857143,56.852791878172596,100.0,54.04411764705882,83.63636363636363,56.631578947368425,83.92857142857143,47.900763358778626,0.0,49.079754601226995
83.92857142857143,0.0,97.82608695652173,57.6797385620915,0.0,54.95495495495496,0.0,55.11669658886894,100.0,0.0,0.0,2.249134948096886,100.0,55.972696245733786,42.10526315789473,55.24475524475524,100.0,0.0,0.0,53.956834532374096,96.55172413793103,49.8,60.78431372549019,61.94690265486725,43.24324324324324,50.43478260869565,100.0,57.93226381461676,0.0,55.44217687074829,0.0,64.98257839721255,0.0,56.13636363636364,50.0,53.01204819277109,0.0,53.73376623376623,68.96551724137932,44.224422442244226,58.92857142857143,0.0,83.92857142857143,52.55591054313099,0.0,51.52129817444219,57.14285714285714,62.56781193490054,0.0,53.671328671328666,91.37931034482759,57.81818181818181,73.68421052631578,52.51937984496124,100.0,53.83211678832117,0.0,50.727272727272734,0.0,58.97887323943662,85.45454545454545,0.0,100.0,58.58951175406871,0.0,0.0,80.7017543859649,0.0,0.0,0.0,100.0,45.893719806763286,0.0,56.27980922098569,46.42857142857143,0.0,0.0,50.51546391752577,73.21428571428571,48.504273504273506,76.27118644067797,58.18505338078291,98.38709677419355,46.48956356736243,59.64912280701754,51.06888361045131,100.0,0.0,96.61016949152543,54.249547920434,30.357142857142854,0.0,100.0,54.779411764705884,85.45454545454545,0.0,0.0,0.0,75.47169811320755,49.693251533742334
0.0,60.54545454545455,97.82608695652173,0.0,0.0,55.31531531531532,100.0,54.7576301615799,0.0,0.0,75.92592592592592,0.0,0.0,55.80204778156996,38.59649122807017,0.0,0.0,61.29541864139021,89.28571428571429,0.0,0.0,49.0,60.78431372549019,64.42477876106196,40.54054054054054,0.0,0.0,0.0,66.07142857142857,56.12244897959183,0.0,63.58885017421603,53.57142857142857,0.0,50.0,52.40963855421686,82.14285714285714,0.0,0.0,45.87458745874587,58.92857142857143,0.0,80.35714285714286,53.51437699680511,0.0,50.709939148073026,0.0,63.47197106690777,100.0,54.72027972027972,91.37931034482759,56.36363636363636,75.43859649122807,52.71317829457365,100.0,0.0,56.14035087719298,53.090909090909086,85.96491228070175,57.3943661971831,85.45454545454545,0.0,100.0,58.58951175406871,100.0,43.36917562724014,82.45614035087719,0.0,100.0,0.0,100.0,46.13526570048309,98.21428571428571,55.80286168521462,0.0,0.0,60.0,50.687285223367695,75.0,47.43589743589743,76.27118644067797,56.22775800711744,98.38709677419355,0.0,56.14035087719298,50.5938242280285,0.0,53.70967741935484,96.61016949152543,56.23869801084991,32.142857142857146,57.360406091370564,100.0,0.0,87.27272727272727,53.68421052631579,82.14285714285714,48.091603053435115,71.69811320754717,48.466257668711656
0.0,0.0,0.0,59.31372549019608,62.5,54.95495495495496,0.0,55.11669658886894,100.0,52.18181818181819,0.0,2.0761245674740483,100.0,53.92491467576792,0.0,56.29370629370629,0.0,59.08372827804107,0.0,0.0,96.55172413793103,50.4,60.78431372549019,0.0,43.24324324324324,49.56521739130435,98.33333333333333,0.0,62.5,0.0,81.81818181818183,64.28571428571429,51.78571428571429,54.77272727272727,47.72727272727273,53.6144578313253,83.92857142857143,54.87012987012987,67.24137931034483,45.54455445544555,58.92857142857143,58.54092526690391,0.0,53.51437699680511,100.0,50.709939148073026,0.0,0.0,100.0,53.4965034965035,91.37931034482759,0.0,71.9298245614035,51.356589147286826,100.0,52.919708029197075,56.14035087719298,52.72727272727272,87.71929824561403,56.51408450704225,0.0,58.01801801801801,100.0,0.0,0.0,0.0,80.7017543859649,55.379188712522044,100.0,0.0,0.0,44.68599033816425,98.21428571428571,56.43879173290938,0.0,52.17391304347826,61.81818181818181,51.546391752577314,75.0,47.22222222222222,72.88135593220339,0.0,96.7741935483871,44.59203036053131,54.385964912280706,47.26840855106889,0.0,53.70967741935484,96.61016949152543,0.0,33.92857142857143,0.0,0.0,53.125,87.27272727272727,53.05263157894737,85.71428571428571,48.473282442748086,0.0,0.0
83.92857142857143,0.0,97.82608695652173,57.02614379084967,60.71428571428571,53.873873873873876,100.0,0.0,100.0,0.0,77.77777777777779,2.422145328719723,100.0,54.778156996587036,40.35087719298245,56.46853146853147,100.0,60.66350710900474,0.0,54.31654676258992,96.55172413793103,0.0,0.0,64.7787610619469,0.0,49.391304347826086,0.0,55.61497326203209,0.0,55.44217687074829,72.72727272727273,62.54355400696864,0.0,0.0,47.72727272727273,0.0,83.92857142857143,0.0,0.0,0.0,57.14285714285714,60.14234875444839,82.14285714285714,53.35463258785943,100.0,51.926977687626774,0.0,62.74864376130199,0.0,54.02097902097902,91.37931034482759,57.45454545454546,0.0,52.71317829457365,100.0,54.379562043795616,56.14035087719298,0.0,87.71929824561403,0.0,85.45454545454545,58.198198198198206,100.0,58.40867992766727,0.0,0.0,0.0,0.0,100.0,41.48936170212766,100.0,0.0,98.21428571428571,55.325914149443555,42.857142857142854,0.0,61.81818181818181,51.71821305841925,0.0,48.29059829059829,0.0,57.65124555160143,98.38709677419355,44.59203036053131,57.89473684210527,48.45605700712589,100.0,51.29032258064517,0.0,54.249547920434,30.357142857142854,57.69881556683587,0.0,55.14705882352941,87.27272727272727,55.57894736842105,83.92857142857143,45.41984732824427,71.69811320754717,48.261758691206545
0.0,61.272727272727266,0.0,0.0,0.0,55.13513513513514,100.0,53.680430879712745,100.0,52.36363636363637,0.0,47.40484429065744,100.0,54.778156996587036,0.0,55.59440559440559,100.0,59.71563981042654,89.28571428571429,53.956834532374096,96.55172413793103,48.4,62.745098039215684,0.0,40.54054054054054,51.13043478260869,0.0,55.97147950089126,60.71428571428571,54.421768707483,0.0,0.0,51.78571428571429,56.59090909090909,0.0,52.00803212851406,0.0,56.65584415584416,67.24137931034483,0.0,60.71428571428571,58.362989323843415,0.0,52.07667731629393,100.0,51.115618661257614,57.14285714285714,62.74864376130199,100.0,54.89510489510489,0.0,0.0,71.9298245614035,0.0,100.0,54.92700729927007,57.89473684210527,51.63636363636363,0.0,58.098591549295776,85.45454545454545,58.198198198198206,0.0,0.0,0.0,46.95340501792115,78.94736842105263,58.90652557319223,100.0,0.0,100.0,0.0,98.21428571428571,56.91573926868044,37.5,53.391304347826086,65.45454545454545,51.03092783505154,75.0,47.43589743589743,76.27118644067797,58.18505338078291,0.0,0.0,0.0,46.318289786223275,100.0,54.19354838709678,96.61016949152543,52.44122965641953,30.357142857142854,0.0,0.0,54.22794117647059,87.27272727272727,53.68421052631579,0.0,46.37404580152672,0.0,47.648261758691206
